StartDate,EndDate,Status,IPAddress,Progress,Duration (in seconds),Finished,RecordedDate,ResponseId,RecipientLastName,RecipientFirstName,RecipientEmail,ExternalReference,LocationLatitude,LocationLongitude,DistributionChannel,UserLanguage,Q5,Q8,Q10,Q29_First Click,Q29_Last Click,Q29_Page Submit,Q29_Click Count,Q27_First Click,Q27_Last Click,Q27_Page Submit,Q27_Click Count,happiness response_1,Q37_First Click,Q37_Last Click,Q37_Page Submit,Q37_Click Count,Q39_First Click,Q39_Last Click,Q39_Page Submit,Q39_Click Count,sadness response_1,Q61_First Click,Q61_Last Click,Q61_Page Submit,Q61_Click Count,Q63_First Click,Q63_Last Click,Q63_Page Submit,Q63_Click Count,Q69_First Click,Q69_Last Click,Q69_Page Submit,Q69_Click Count,Q71_First Click,Q71_Last Click,Q71_Page Submit,Q71_Click Count,Q45_First Click,Q45_Last Click,Q45_Page Submit,Q45_Click Count,Q47_First Click,Q47_Last Click,Q47_Page Submit,Q47_Click Count,Q53_First Click,Q53_Last Click,Q53_Page Submit,Q53_Click Count,Q55_First Click,Q55_Last Click,Q55_Page Submit,Q55_Click Count,Q14,Q15,Q16,Q23_First Click,Q23_Last Click,Q23_Page Submit,Q23_Click Count,Q25_First Click,Q25_Last Click,Q25_Page Submit,Q25_Click Count,Q33_First Click,Q33_Last Click,Q33_Page Submit,Q33_Click Count,Q35_First Click,Q35_Last Click,Q35_Page Submit,Q35_Click Count,Q57_First Click,Q57_Last Click,Q57_Page Submit,Q57_Click Count,Q59_First Click,Q59_Last Click,Q59_Page Submit,Q59_Click Count,Q65_First Click,Q65_Last Click,Q65_Page Submit,Q65_Click Count,Q67_First Click,Q67_Last Click,Q67_Page Submit,Q67_Click Count,Q41_First Click,Q41_Last Click,Q41_Page Submit,Q41_Click Count,Q43_First Click,Q43_Last Click,Q43_Page Submit,Q43_Click Count,Q49_First Click,Q49_Last Click,Q49_Page Submit,Q49_Click Count,Q51_First Click,Q51_Last Click,Q51_Page Submit,Q51_Click Count,test,direction,valence,gridline,city,MTurkCode
Start Date,End Date,Response Type,IP Address,Progress,Duration (in seconds),Finished,Recorded Date,Response ID,Recipient Last Name,Recipient First Name,Recipient Email,External Data Reference,Location Latitude,Location Longitude,Distribution Channel,User Language,"For the three years shown on the graph, which is the minimum value?","For the three years shown on the graph, which is the maximum value?",How much did the value change from 2015 to 2017?,Timing - First Click,Timing - Last Click,Timing - Page Submit,Timing - Click Count,Timing - First Click,Timing - Last Click,Timing - Page Submit,Timing - Click Count,Indicate how much the Happiness Score changed between 2015 and 2017. - Happiness Score Change,Timing - First Click,Timing - Last Click,Timing - Page Submit,Timing - Click Count,Timing - First Click,Timing - Last Click,Timing - Page Submit,Timing - Click Count,Indicate how much the Sadness Score changed between 2015 and 2017. - Happiness Score Change,Timing - First Click,Timing - Last Click,Timing - Page Submit,Timing - Click Count,Timing - First Click,Timing - Last Click,Timing - Page Submit,Timing - Click Count,Timing - First Click,Timing - Last Click,Timing - Page Submit,Timing - Click Count,Timing - First Click,Timing - Last Click,Timing - Page Submit,Timing - Click Count,Timing - First Click,Timing - Last Click,Timing - Page Submit,Timing - Click Count,Timing - First Click,Timing - Last Click,Timing - Page Submit,Timing - Click Count,Timing - First Click,Timing - Last Click,Timing - Page Submit,Timing - Click Count,Timing - First Click,Timing - Last Click,Timing - Page Submit,Timing - Click Count,"For the three years shown on the graph, which is the minimum value?","For the three years shown on the graph, which is the maximum value?",How much did the value change from 2015 to 2017?,Timing - First Click,Timing - Last Click,Timing - Page Submit,Timing - Click Count,Timing - First Click,Timing - Last Click,Timing - Page Submit,Timing - Click Count,Timing - First Click,Timing - Last Click,Timing - Page Submit,Timing - Click Count,Timing - First Click,Timing - Last Click,Timing - Page Submit,Timing - Click Count,Timing - First Click,Timing - Last Click,Timing - Page Submit,Timing - Click Count,Timing - First Click,Timing - Last Click,Timing - Page Submit,Timing - Click Count,Timing - First Click,Timing - Last Click,Timing - Page Submit,Timing - Click Count,Timing - First Click,Timing - Last Click,Timing - Page Submit,Timing - Click Count,Timing - First Click,Timing - Last Click,Timing - Page Submit,Timing - Click Count,Timing - First Click,Timing - Last Click,Timing - Page Submit,Timing - Click Count,Timing - First Click,Timing - Last Click,Timing - Page Submit,Timing - Click Count,Timing - First Click,Timing - Last Click,Timing - Page Submit,Timing - Click Count,test,direction,valence,gridline,city,MTurkCode
"{""ImportId"":""startDate"",""timeZone"":""America/Denver""}","{""ImportId"":""endDate"",""timeZone"":""America/Denver""}","{""ImportId"":""status""}","{""ImportId"":""ipAddress""}","{""ImportId"":""progress""}","{""ImportId"":""duration""}","{""ImportId"":""finished""}","{""ImportId"":""recordedDate"",""timeZone"":""America/Denver""}","{""ImportId"":""_recordId""}","{""ImportId"":""recipientLastName""}","{""ImportId"":""recipientFirstName""}","{""ImportId"":""recipientEmail""}","{""ImportId"":""externalDataReference""}","{""ImportId"":""locationLatitude""}","{""ImportId"":""locationLongitude""}","{""ImportId"":""distributionChannel""}","{""ImportId"":""userLanguage""}","{""ImportId"":""QID5""}","{""ImportId"":""QID8""}","{""ImportId"":""QID10""}","{""ImportId"":""QID29_FIRST_CLICK""}","{""ImportId"":""QID29_LAST_CLICK""}","{""ImportId"":""QID29_PAGE_SUBMIT""}","{""ImportId"":""QID29_CLICK_COUNT""}","{""ImportId"":""QID27_FIRST_CLICK""}","{""ImportId"":""QID27_LAST_CLICK""}","{""ImportId"":""QID27_PAGE_SUBMIT""}","{""ImportId"":""QID27_CLICK_COUNT""}","{""ImportId"":""QID31_1""}","{""ImportId"":""QID37_FIRST_CLICK""}","{""ImportId"":""QID37_LAST_CLICK""}","{""ImportId"":""QID37_PAGE_SUBMIT""}","{""ImportId"":""QID37_CLICK_COUNT""}","{""ImportId"":""QID39_FIRST_CLICK""}","{""ImportId"":""QID39_LAST_CLICK""}","{""ImportId"":""QID39_PAGE_SUBMIT""}","{""ImportId"":""QID39_CLICK_COUNT""}","{""ImportId"":""QID32_1""}","{""ImportId"":""QID61_FIRST_CLICK""}","{""ImportId"":""QID61_LAST_CLICK""}","{""ImportId"":""QID61_PAGE_SUBMIT""}","{""ImportId"":""QID61_CLICK_COUNT""}","{""ImportId"":""QID63_FIRST_CLICK""}","{""ImportId"":""QID63_LAST_CLICK""}","{""ImportId"":""QID63_PAGE_SUBMIT""}","{""ImportId"":""QID63_CLICK_COUNT""}","{""ImportId"":""QID69_FIRST_CLICK""}","{""ImportId"":""QID69_LAST_CLICK""}","{""ImportId"":""QID69_PAGE_SUBMIT""}","{""ImportId"":""QID69_CLICK_COUNT""}","{""ImportId"":""QID71_FIRST_CLICK""}","{""ImportId"":""QID71_LAST_CLICK""}","{""ImportId"":""QID71_PAGE_SUBMIT""}","{""ImportId"":""QID71_CLICK_COUNT""}","{""ImportId"":""QID45_FIRST_CLICK""}","{""ImportId"":""QID45_LAST_CLICK""}","{""ImportId"":""QID45_PAGE_SUBMIT""}","{""ImportId"":""QID45_CLICK_COUNT""}","{""ImportId"":""QID47_FIRST_CLICK""}","{""ImportId"":""QID47_LAST_CLICK""}","{""ImportId"":""QID47_PAGE_SUBMIT""}","{""ImportId"":""QID47_CLICK_COUNT""}","{""ImportId"":""QID53_FIRST_CLICK""}","{""ImportId"":""QID53_LAST_CLICK""}","{""ImportId"":""QID53_PAGE_SUBMIT""}","{""ImportId"":""QID53_CLICK_COUNT""}","{""ImportId"":""QID55_FIRST_CLICK""}","{""ImportId"":""QID55_LAST_CLICK""}","{""ImportId"":""QID55_PAGE_SUBMIT""}","{""ImportId"":""QID55_CLICK_COUNT""}","{""ImportId"":""QID14""}","{""ImportId"":""QID15""}","{""ImportId"":""QID16""}","{""ImportId"":""QID23_FIRST_CLICK""}","{""ImportId"":""QID23_LAST_CLICK""}","{""ImportId"":""QID23_PAGE_SUBMIT""}","{""ImportId"":""QID23_CLICK_COUNT""}","{""ImportId"":""QID25_FIRST_CLICK""}","{""ImportId"":""QID25_LAST_CLICK""}","{""ImportId"":""QID25_PAGE_SUBMIT""}","{""ImportId"":""QID25_CLICK_COUNT""}","{""ImportId"":""QID33_FIRST_CLICK""}","{""ImportId"":""QID33_LAST_CLICK""}","{""ImportId"":""QID33_PAGE_SUBMIT""}","{""ImportId"":""QID33_CLICK_COUNT""}","{""ImportId"":""QID35_FIRST_CLICK""}","{""ImportId"":""QID35_LAST_CLICK""}","{""ImportId"":""QID35_PAGE_SUBMIT""}","{""ImportId"":""QID35_CLICK_COUNT""}","{""ImportId"":""QID57_FIRST_CLICK""}","{""ImportId"":""QID57_LAST_CLICK""}","{""ImportId"":""QID57_PAGE_SUBMIT""}","{""ImportId"":""QID57_CLICK_COUNT""}","{""ImportId"":""QID59_FIRST_CLICK""}","{""ImportId"":""QID59_LAST_CLICK""}","{""ImportId"":""QID59_PAGE_SUBMIT""}","{""ImportId"":""QID59_CLICK_COUNT""}","{""ImportId"":""QID65_FIRST_CLICK""}","{""ImportId"":""QID65_LAST_CLICK""}","{""ImportId"":""QID65_PAGE_SUBMIT""}","{""ImportId"":""QID65_CLICK_COUNT""}","{""ImportId"":""QID67_FIRST_CLICK""}","{""ImportId"":""QID67_LAST_CLICK""}","{""ImportId"":""QID67_PAGE_SUBMIT""}","{""ImportId"":""QID67_CLICK_COUNT""}","{""ImportId"":""QID41_FIRST_CLICK""}","{""ImportId"":""QID41_LAST_CLICK""}","{""ImportId"":""QID41_PAGE_SUBMIT""}","{""ImportId"":""QID41_CLICK_COUNT""}","{""ImportId"":""QID43_FIRST_CLICK""}","{""ImportId"":""QID43_LAST_CLICK""}","{""ImportId"":""QID43_PAGE_SUBMIT""}","{""ImportId"":""QID43_CLICK_COUNT""}","{""ImportId"":""QID49_FIRST_CLICK""}","{""ImportId"":""QID49_LAST_CLICK""}","{""ImportId"":""QID49_PAGE_SUBMIT""}","{""ImportId"":""QID49_CLICK_COUNT""}","{""ImportId"":""QID51_FIRST_CLICK""}","{""ImportId"":""QID51_LAST_CLICK""}","{""ImportId"":""QID51_PAGE_SUBMIT""}","{""ImportId"":""QID51_CLICK_COUNT""}","{""ImportId"":""test""}","{""ImportId"":""direction""}","{""ImportId"":""valence""}","{""ImportId"":""gridline""}","{""ImportId"":""city""}","{""ImportId"":""MTurkCode""}"
2018-05-03 14:02:26,2018-05-03 14:04:34,IP Address,172.56.7.29,100,128,True,2018-05-03 14:04:34,R_z0t7l5yoYGh72UN,,,,,32.914306640625,-96.736602783203,anonymous,EN,25,75,50,,,,,,,,,,,,,,0,0,20.093,0,76,,,,,,,,,,,,,,,,,,,,,,,,,,,,,,,,,,,,,,,,,,,,,,,,,,,,,,,,,,,,,,,,,,,,,,,,,,,,,,,,,,,,1,,,,,43841408
2018-05-03 14:10:47,2018-05-03 14:10:58,IP Address,49.206.127.17,100,10,True,2018-05-03 14:10:59,R_3GdgbN1a2UFLx6P,,,,,13.083297729492,80.283294677734,anonymous,EN,,,,,,,,,,,,,,,,,,,,,,,,,,,,,,,,,,,,,,,,,,,,,,,,,,,,,,75,50,-25,,,,,,,,,,,,,,,,,,,,,,,,,,,,,,,,,,,,,,,,,,,,,,,,,1,,,,,
2018-05-03 14:10:58,2018-05-03 14:11:03,IP Address,198.24.30.139,100,4,True,2018-05-03 14:11:03,R_1dFhSJpwRUMctLK,,,,,38.860504150391,-77.263000488281,anonymous,EN,,,,,,,,,,,,,,,,,,,,,,,,,,,,,,,,,,,,,,,,,,,,,,,,,,,,,,25,25,-25,,,,,,,,,,,,,,,,,,,,,,,,,,,,,,,,,,,,,,,,,,,,,,,,,1,,,,,
2018-05-03 14:10:43,2018-05-03 14:11:25,IP Address,73.231.19.8,100,42,True,2018-05-03 14:11:26,R_sZN62qp79YgH9uh,,,,,34.955596923828,-120.50270080566,anonymous,EN,,,,,,,,,,,,70,,,,,,,,,,,,,,,,,,,,,,,,,,,,,,,,,,,,,,,,,,25,75,-50,,,,,,,,,,,,,,,,,,,,,,,,,,,,,,,,,,,,,0,0,20.101,0,,,,,,,,,1,,,,,8171894
2018-05-03 14:11:06,2018-05-03 14:11:45,IP Address,104.228.84.141,100,38,True,2018-05-03 14:11:45,R_2CfWzcUlso20O7B,,,,,42.583206176758,-77.727500915527,anonymous,EN,,,,,,,,,,,,,,,,,,,,,29,,,,,,,,,,,,,,,,,,,,,,,,,,,,,,,,,25,75,-50,,,,,,,,,,,,,,,,,,,,,,,,,0,0,3.568,0,,,,,,,,,,,,,,,,,,,,,1,,,,,72291401
2018-05-03 14:10:57,2018-05-03 14:11:51,IP Address,108.246.12.171,100,54,True,2018-05-03 14:11:51,R_2zImb0R8nnipSL7,,,,,38.923400878906,-121.07049560547,anonymous,EN,,,,,,,,,,,,,,,,,,,,,-92,,,,,,,,,,,,,,,,,,,,,,,,,,,,,,,,,0,100,-50,,,,,,,,,,,,,2.875,8.34,9.774,4,,,,,,,,,,,,,,,,,,,,,,,,,,,,,,,,,1,,,,,34695333
2018-05-03 14:11:38,2018-05-03 14:11:55,IP Address,117.213.37.18,100,16,True,2018-05-03 14:11:56,R_eEQiQG7wy2x4jRf,,,,,8.30810546875,77.221405029297,anonymous,EN,75,50,25,,,,,,,,,,,,,,,,,,,,,,,,,,,,,,,,,,,,,,,,,,,,,,,,,,,,,,,,,,,,,,,,,,,,,,,,,,,,,,,,,,,,,,,,,,,,,,,,,,,,,,1,,,,,
2018-05-03 14:10:52,2018-05-03 14:11:57,IP Address,172.221.187.108,100,64,True,2018-05-03 14:11:57,R_0STOIb2ZAMMdU1H,,,,,38.498092651367,-90.459999084473,anonymous,EN,0,100,50,,,,,,,,,,,,,,,,,,85,,,,,,,,,,,,,,,,,,,,,,,,,0,0,20.015,0,,,,,,,,,,,,,,,,,,,,,,,,,,,,,,,,,,,,,,,,,,,,,,,,,,,,,,,,1,,,,,56030703
2018-05-03 14:11:41,2018-05-03 14:12:11,IP Address,162.231.57.35,100,30,True,2018-05-03 14:12:11,R_3MtaOkLQUtKOBtL,,,,,32.766296386719,-117.12930297852,anonymous,EN,0,100,50,,,,,,,,,,,,,,,,,,36,,,,,,,,,,,,,,,,,,,,,,,,,,,,,0,0,3.931,0,,,,,,,,,,,,,,,,,,,,,,,,,,,,,,,,,,,,,,,,,,,,,,,,,,,,1,,,,,83839513
2018-05-03 14:10:53,2018-05-03 14:12:12,IP Address,99.203.93.247,100,78,True,2018-05-03 14:12:12,R_29t9MQG7hEE4La8,,,,,39.049499511719,-94.408996582031,anonymous,EN,25,75,50,,,,,,,,,,0,0,10.872,0,,,,,71,,,,,,,,,,,,,,,,,,,,,,,,,,,,,,,,,,,,,,,,,,,,,,,,,,,,,,,,,,,,,,,,,,,,,,,,,,,,,,,,,,,,1,,,,,31582400
2018-05-03 14:10:52,2018-05-03 14:12:16,IP Address,157.39.225.84,100,83,True,2018-05-03 14:12:16,R_pmyIcVVMlaWgpVf,,,,,31.633102416992,74.865600585938,anonymous,EN,25,75,50,,,,,,,,,42,,,,,,,,,,,,,,,,,,,,,,,,,,,,,,3.35,3.35,18.886,1,,,,,,,,,,,,,,,,,,,,,,,,,,,,,,,,,,,,,,,,,,,,,,,,,,,,,,,,,,,,1,,,,,86533892
2018-05-03 14:10:54,2018-05-03 14:12:23,IP Address,50.82.73.90,100,88,True,2018-05-03 14:12:24,R_2EjeYzkCd7wToQa,,,,,37.218994140625,-93.317596435547,anonymous,EN,0,100,50,,,,,,,,,,,,,,,,,,78,,,,,,,,,0,0,14.191,0,,,,,,,,,,,,,,,,,,,,,,,,,,,,,,,,,,,,,,,,,,,,,,,,,,,,,,,,,,,,,,,,,,,,,,,,1,,,,,99666538
2018-05-03 14:10:49,2018-05-03 14:12:24,IP Address,96.19.48.236,100,94,True,2018-05-03 14:12:24,R_2ATH6evWyAmeyYu,,,,,43.430694580078,-111.89430236816,anonymous,EN,,,,,,,,,,,,-75,,,,,,,,,,,,,,,,,,,,,,,,,,,,,,,,,,,,,,,,,,0,100,-50,,,,,,,,,,,,,,,,,,,,,,,,,,,,,,,,,0,0,20.046,0,,,,,,,,,,,,,1,,,,,76944586
2018-05-03 14:11:32,2018-05-03 14:12:24,IP Address,163.53.204.2,100,52,True,2018-05-03 14:12:25,R_2V9BRoHeqnS16P7,,,,,11.350006103516,77.733306884766,anonymous,EN,,,,,,,,,,,,-57,,,,,,,,,,,,,,,,,,,,,,,,,,,,,,,,,,,,,,,,,,0,100,-50,15.169,15.169,15.478,1,,,,,,,,,,,,,,,,,,,,,,,,,,,,,,,,,,,,,,,,,,,,,1,,,,,45038941
2018-05-03 14:11:03,2018-05-03 14:12:26,IP Address,110.227.242.7,100,83,True,2018-05-03 14:12:27,R_2qmTO5HFSwmcNdj,,,,,13.083297729492,80.283294677734,anonymous,EN,,,,,,,,,,,,52,,,,,,,,,,,,,,,,,,,,,,,,,,,,,,,,,,,,,,,,,,75,25,-50,,,,,,,,,,,,,,,,,,,,,0,0,10.458,0,,,,,,,,,,,,,,,,,,,,,,,,,1,,,,,58787109
2018-05-03 14:11:09,2018-05-03 14:12:27,IP Address,71.86.81.80,100,78,True,2018-05-03 14:12:28,R_1et4Y9nuj82q38P,,,,,30.475006103516,-92.421997070312,anonymous,EN,0,100,50,,,,,,,,,80,,,,,,,,,,1.144,15.62,17.817,4,,,,,,,,,,,,,,,,,,,,,,,,,,,,,,,,,,,,,,,,,,,,,,,,,,,,,,,,,,,,,,,,,,,,,,,,,,,,,,,,1,,,,,11830994
2018-05-03 14:11:35,2018-05-03 14:12:33,IP Address,96.236.120.90,100,57,True,2018-05-03 14:12:33,R_pyn7zPu7Ofw2KDD,,,,,42.431900024414,-73.073997497559,anonymous,EN,,,,,,,,,,,,,,,,,,,,,-47,,,,,,,,,,,,,,,,,,,,,,,,,,,,,,,,,0,100,-50,,,,,,,,,,,,,,,,,,,,,,,,,,,,,,,,,,,,,,,,,0,0,4.506,0,,,,,1,,,,,25425105
2018-05-03 14:11:25,2018-05-03 14:12:35,IP Address,110.227.242.7,100,70,True,2018-05-03 14:12:35,R_AbrGf05s4kjAhY5,,,,,13.083297729492,80.283294677734,anonymous,EN,,,,,,,,,,,,50,,,,,,,,,,,,,,,,,,,,,,,,,,,,,,,,,,,,,,,,,,100,100,-50,,,,,,,,,,,,,,,,,,,,,0,0,6.845,0,,,,,,,,,,,,,,,,,,,,,,,,,1,,,,,63479309
2018-05-03 14:12:03,2018-05-03 14:12:39,IP Address,117.213.37.18,100,36,True,2018-05-03 14:12:40,R_1JDi9DidLZnQSL0,,,,,8.30810546875,77.221405029297,anonymous,EN,25,75,50,,,,,,,,,,,,,,,,,,13,,,,,,,,,,,,,0,0,8.175,0,,,,,,,,,,,,,,,,,,,,,,,,,,,,,,,,,,,,,,,,,,,,,,,,,,,,,,,,,,,,,,,,,,,,1,,,,,73299724
2018-05-03 14:10:54,2018-05-03 14:12:41,IP Address,124.123.90.160,100,106,True,2018-05-03 14:12:41,R_3mkJzpMw11NsHBQ,,,,,17.375305175781,78.474395751953,anonymous,EN,25,75,50,,,,,,,,,,0,0,11.526,0,,,,,56,,,,,,,,,,,,,,,,,,,,,,,,,,,,,,,,,,,,,,,,,,,,,,,,,,,,,,,,,,,,,,,,,,,,,,,,,,,,,,,,,,,,1,,,,,3036217
2018-05-03 14:12:14,2018-05-03 14:12:58,IP Address,65.90.11.226,100,43,True,2018-05-03 14:12:58,R_2YxD8aSh9FbKPam,,,,,27.760406494141,-97.742897033691,anonymous,EN,,,,,,,,,,,,,,,,,,,,,68,,,,,,,,,,,,,,,,,,,,,,,,,,,,,,,,,0,100,-50,,,,,,,,,,,,,,,,,,,,,,,,,,,,,,,,,,,,,,,,,,,,,0,0,15.511,0,1,,,,,45093824
2018-05-03 14:13:15,2018-05-03 14:13:52,IP Address,117.213.37.18,100,36,True,2018-05-03 14:13:52,R_1OV47WbfH2ouI5b,,,,,8.30810546875,77.221405029297,anonymous,EN,25,75,50,,,,,,,,,,,,,,,,,,37,,,,,,,,,,,,,,,,,,,,,,,,,0,0,20.092,0,,,,,,,,,,,,,,,,,,,,,,,,,,,,,,,,,,,,,,,,,,,,,,,,,,,,,,,,1,,,,,21214470
2018-05-03 14:13:37,2018-05-03 14:14:27,IP Address,96.59.248.8,100,50,True,2018-05-03 14:14:28,R_cwIQW6KrwWS9Ael,,,,,27.866104125977,-82.326499938965,anonymous,EN,,,,,,,,,,,,,,,,,,,,,-50,,,,,,,,,,,,,,,,,,,,,,,,,,,,,,,,,25,75,-50,,,,,,,,,0,0,10.258,0,,,,,,,,,,,,,,,,,,,,,,,,,,,,,,,,,,,,,1,,,,,30994119
2018-05-03 14:14:12,2018-05-03 14:15:16,IP Address,174.89.70.59,100,64,True,2018-05-03 14:15:17,R_10CLNwLIMxeqNbY,,,,,44.310394287109,-78.239601135254,anonymous,EN,25,75,50,,,,,,,,,72,,,,,,,,,,,,,,,,,,,,,,,,,,,,,,0,0,20.009,0,,,,,,,,,,,,,,,,,,,,,,,,,,,,,,,,,,,,,,,,,,,,,,,,,,,,,,,,,,,,1,,,,,95536257
2018-05-03 16:29:56,2018-05-03 16:30:28,Survey Preview,,100,31,True,2018-05-03 16:30:29,R_2Vju8ThvUZU6CS8,,,,,41.780395507812,-87.602699279785,preview,EN,25,75,50,,,,,,,,,61,,,,,,,,,,,,,,0,0,20.042,0,,,,,,,,,,,,,,,,,,,,,,,,,,,,,,,,,,,,,,,,,,,,,,,,,,,,,,,,,,,,,,,,,,,,,,,,,,,,1,increasing,happiness,yes,Escor,21688842
2018-05-03 16:44:29,2018-05-03 16:45:12,Survey Preview,,100,43,True,2018-05-03 16:45:13,R_1DFQiMDzsDlYkHP,,,,,41.780395507812,-87.602699279785,preview,EN,,,,,,,,,,,,,,,,,,,,,-51,,,,,,,,,,,,,,,,,,,,,,,,,,,,,,,,,75,25,-50,,,,,,,,,,,,,,,,,,,,,,,,,0,0,20.094,0,,,,,,,,,,,,,,,,,,,,,1,decreasing,sadness,no,Escor,69459024
2018-05-03 16:45:17,2018-05-03 16:45:26,Survey Preview,,100,8,True,2018-05-03 16:45:26,R_1JKhwMSxURns6N2,,,,,41.780395507812,-87.602699279785,preview,EN,25,25,75,,,,,,,,,,,,,,,,,,,,,,,,,,,,,,,,,,,,,,,,,,,,,,,,,,,,,,,,,,,,,,,,,,,,,,,,,,,,,,,,,,,,,,,,,,,,,,,,,,,,,,1,,,,,
2018-05-03 16:45:31,2018-05-03 16:46:38,Survey Preview,,100,66,True,2018-05-03 16:46:39,R_2BnPJ51JfqcqJhy,,,,,41.780395507812,-87.602699279785,preview,EN,,,,,,,,,,,,,,,,,,,,,6,,,,,,,,,,,,,,,,,,,,,,,,,,,,,,,,,0,100,-50,,,,,,,,,,,,,,,,,,,,,,,,,,,,,,,,,,,,,,,,,,,,,0,0,20.795,0,1,decreasing,sadness,yes,Aflos,39871126
2018-05-03 14:12:14,2018-05-03 16:59:16,IP Address,110.227.242.7,100,10022,True,2018-05-03 16:59:16,R_1eF3qikcsEyQHI0,,,,,13.083297729492,80.283294677734,anonymous,EN,,,,,,,,,,,,74,,,,,,,,,,,,,,,,,,,,,,,,,,,,,,,,,,,,,,,,,,25,75,-50,,,,,,,,,,,,,,,,,,,,,,,,,,,,,,,,,,,,,0,0,4.196,0,,,,,,,,,1,,,,,930176
2018-05-03 16:59:10,2018-05-03 17:00:02,IP Address,104.37.81.228,100,51,True,2018-05-03 17:00:03,R_qCTO4V1UlAHWTZv,,,,,45.569396972656,-73.622100830078,anonymous,EN,25,75,100,,,,,,,,,,,,,,,,,,,,,,,,,,,,,,,,,,,,,,,,,,,,,,,,,,,,,,,,,,,,,,,,,,,,,,,,,,,,,,,,,,,,,,,,,,,,,,,,,,,,,,1,,,,,
2018-05-03 16:59:16,2018-05-03 17:00:15,IP Address,70.123.98.195,100,58,True,2018-05-03 17:00:15,R_3lQZJvxhPDNjukf,,,,,32.833892822266,-96.771499633789,anonymous,EN,,,,,,,,,,,,-70,,,,,,,,,,,,,,,,,,,,,,,,,,,,,,,,,,,,,,,,,,25,75,-50,,,,,,,,,,,,,,,,,,,,,0,0,20.021,0,,,,,,,,,,,,,,,,,,,,,,,,,1,decreasing,happiness,yes,Escor,50622746
2018-05-03 16:59:21,2018-05-03 17:00:16,IP Address,99.203.20.176,100,54,True,2018-05-03 17:00:17,R_10HtCkc036oOhMx,,,,,35.33659362793,-80.795799255371,anonymous,EN,25,75,50,,,,,,,,,90,,,,,,,,,,1.701,19.018,20.116,17,,,,,,,,,,,,,,,,,,,,,,,,,,,,,,,,,,,,,,,,,,,,,,,,,,,,,,,,,,,,,,,,,,,,,,,,,,,,,,,,1,increasing,happiness,no,Escor,68529246
2018-05-03 16:59:19,2018-05-03 17:00:16,IP Address,117.213.37.18,100,57,True,2018-05-03 17:00:17,R_2PsSOp7U7U63L6o,,,,,8.30810546875,77.221405029297,anonymous,EN,,,,,,,,,,,,,,,,,,,,,,,,,,,,,,,,,,,,,,,,,,,,,,,,,,,,,,25,75,-75,,,,,,,,,,,,,,,,,,,,,,,,,,,,,,,,,,,,,,,,,,,,,,,,,1,,,,,
2018-05-03 16:59:30,2018-05-03 17:00:36,IP Address,122.165.160.217,100,66,True,2018-05-03 17:00:37,R_pSsStKJa7rIMG4x,,,,,13.083297729492,80.283294677734,anonymous,EN,25,75,50,,,,,,,,,69,,,,,,,,,,,,,,,,,,,,,,,,,,0,0,20.029,0,,,,,,,,,,,,,,,,,,,,,,,,,,,,,,,,,,,,,,,,,,,,,,,,,,,,,,,,,,,,,,,,1,increasing,happiness,no,Alfos,7322787
2018-05-03 16:59:07,2018-05-03 17:00:39,IP Address,103.211.13.61,100,92,True,2018-05-03 17:00:40,R_3hEju7GBPWA1h3X,,,,,28.600006103516,77.200012207031,anonymous,EN,,,,,,,,,,,,-80,,,,,,,,,,,,,,,,,,,,,,,,,,,,,,,,,,,,,,,,,,25,75,-50,,,,,0,0,20.087,0,,,,,,,,,,,,,,,,,,,,,,,,,,,,,,,,,,,,,,,,,1,decreasing,happiness,yes,Oswa,80785332
2018-05-03 16:59:34,2018-05-03 17:00:41,IP Address,67.161.168.152,100,67,True,2018-05-03 17:00:42,R_2wtYDsYcmmZmC8p,,,,,38.683898925781,-121.0525970459,anonymous,EN,25,75,50,0,0,20.059,0,,,,,60,,,,,,,,,,,,,,,,,,,,,,,,,,,,,,,,,,,,,,,,,,,,,,,,,,,,,,,,,,,,,,,,,,,,,,,,,,,,,,,,,,,,,,,,,,,,,1,increasing,happiness,yes,Oswa,11182329
2018-05-03 17:00:28,2018-05-03 17:00:46,IP Address,122.174.88.153,100,17,True,2018-05-03 17:00:46,R_XM3BmEl1hMeuI8h,,,,,9.9333038330078,78.11669921875,anonymous,EN,,,,,,,,,,,,,,,,,,,,,,,,,,,,,,,,,,,,,,,,,,,,,,,,,,,,,,50,75,-25,,,,,,,,,,,,,,,,,,,,,,,,,,,,,,,,,,,,,,,,,,,,,,,,,1,,,,,
2018-05-03 16:59:32,2018-05-03 17:00:48,IP Address,128.30.32.223,100,76,True,2018-05-03 17:00:49,R_2P6y2Dnb116U7Wh,,,,,42.364593505859,-71.102798461914,anonymous,EN,25,75,50,,,,,,,,,,,,,,,,,,85,,,,,,,,,,,,,,,,,,,,,,,,,0,0,20.056,0,,,,,,,,,,,,,,,,,,,,,,,,,,,,,,,,,,,,,,,,,,,,,,,,,,,,,,,,1,increasing,sadness,no,Alfos,64372843
2018-05-03 16:59:12,2018-05-03 17:00:50,IP Address,23.112.84.225,100,97,True,2018-05-03 17:00:51,R_vCXjJfS9s8Z2Udr,,,,,38.62629699707,-121.38279724121,anonymous,EN,25,75,50,,,,,,,,,,,,,,,,,,80,,,,,,,,,,,,,0,0,20.094,0,,,,,,,,,,,,,,,,,,,,,,,,,,,,,,,,,,,,,,,,,,,,,,,,,,,,,,,,,,,,,,,,,,,,1,increasing,sadness,yes,Escor,47785516
2018-05-03 16:59:35,2018-05-03 17:00:52,IP Address,172.58.172.210,100,76,True,2018-05-03 17:00:52,R_1XDWYeeZHu3uMZr,,,,,28.705795288086,-81.347503662109,anonymous,EN,,,,,,,,,,,,,,,,,,,,,-55,,,,,,,,,,,,,,,,,,,,,,,,,,,,,,,,,75,25,-50,,,,,,,,,0,0,20.076,0,,,,,,,,,,,,,,,,,,,,,,,,,,,,,,,,,,,,,1,decreasing,sadness,no,Oswa,166581
2018-05-03 16:59:39,2018-05-03 17:01:21,IP Address,93.44.100.34,100,102,True,2018-05-03 17:01:22,R_2EGWzcq2jbZWavk,,,,,41.899993896484,12.483306884766,anonymous,EN,,,,,,,,,,,,,,,,,,,,,-42,,,,,,,,,,,,,,,,,,,,,,,,,,,,,,,,,25,75,-50,,,,,,,,,,,,,,,,,,,,,,,,,,,,,0,0,20.156,0,,,,,,,,,,,,,,,,,1,decreasing,sadness,yes,Escor,12884717
2018-05-03 17:00:40,2018-05-03 17:01:42,IP Address,122.174.88.37,100,61,True,2018-05-03 17:01:43,R_Z9ILjuDRczHXtsJ,,,,,13.083297729492,80.283294677734,anonymous,EN,0,100,50,,,,,,,,,50,,,,,,,,,,0,0,20.083,0,,,,,,,,,,,,,,,,,,,,,,,,,,,,,,,,,,,,,,,,,,,,,,,,,,,,,,,,,,,,,,,,,,,,,,,,,,,,,,,,1,increasing,happiness,no,Escor,63245736
2018-05-03 17:01:04,2018-05-03 17:02:04,IP Address,98.175.106.247,100,60,True,2018-05-03 17:02:04,R_2xx8Pwko57cOJua,,,,,32.715301513672,-117.15730285645,anonymous,EN,,,,,,,,,,,,-85,,,,,,,,,,,,,,,,,,,,,,,,,,,,,,,,,,,,,,,,,,25,75,-50,,,,,,,,,,,,,,,,,,,,,,,,,,,,,,,,,2.094,2.094,20.082,1,,,,,,,,,,,,,1,decreasing,happiness,no,Aflos,26970845
2018-05-03 17:00:50,2018-05-03 17:02:04,IP Address,108.36.124.85,100,73,True,2018-05-03 17:02:05,R_6xPDHxx4U7YI0bT,,,,,39.848602294922,-75.821998596191,anonymous,EN,,,,,,,,,,,,-53,,,,,,,,,,,,,,,,,,,,,,,,,,,,,,,,,,,,,,,,,,25,75,-50,,,,,,,,,,,,,,,,,,,,,,,,,,,,,,,,,,,,,0,0,20.049,0,,,,,,,,,1,decreasing,happiness,yes,Aflos,57145819
2018-05-03 17:00:50,2018-05-03 17:02:07,IP Address,171.61.245.0,100,76,True,2018-05-03 17:02:07,R_3fyAAB2d3v1BSy5,,,,,9.9333038330078,78.11669921875,anonymous,EN,,,,,,,,,,,,50,,,,,,,,,,,,,,,,,,,,,,,,,,,,,,,,,,,,,,,,,,0,75,-50,0,0,20.092,0,,,,,,,,,,,,,,,,,,,,,,,,,,,,,,,,,,,,,,,,,,,,,1,decreasing,happiness,no,Oswa,1628593
2018-05-03 17:01:40,2018-05-03 17:02:09,IP Address,171.49.201.242,100,28,True,2018-05-03 17:02:09,R_1Oqy5i0NdQ6EanJ,,,,,13.083297729492,80.283294677734,anonymous,EN,75,100,75,,,,,,,,,,,,,,,,,,,,,,,,,,,,,,,,,,,,,,,,,,,,,,,,,,,,,,,,,,,,,,,,,,,,,,,,,,,,,,,,,,,,,,,,,,,,,,,,,,,,,,1,,,,,
2018-05-03 17:01:24,2018-05-03 17:02:10,IP Address,171.49.202.40,100,46,True,2018-05-03 17:02:11,R_3MlLA07pZYKli6Q,,,,,13.083297729492,80.283294677734,anonymous,EN,25,75,50,,,,,,,,,,,,,,,,,,68,,,,,,,,,,,,,,,,,,,,,,,,,,,,,0,0,20.081,0,,,,,,,,,,,,,,,,,,,,,,,,,,,,,,,,,,,,,,,,,,,,,,,,,,,,1,increasing,sadness,yes,Aflos,29549595
2018-05-03 17:02:26,2018-05-03 17:03:05,IP Address,171.49.201.242,100,39,True,2018-05-03 17:03:06,R_1GIl2jeunxpcQhT,,,,,13.083297729492,80.283294677734,anonymous,EN,,,,,,,,,,,,,,,,,,,,,38,,,,,,,,,,,,,,,,,,,,,,,,,,,,,,,,,25,75,-50,,,,,,,,,,,,,,,,,,,,,,,,,,,,,0,0,20.049,0,,,,,,,,,,,,,,,,,1,decreasing,sadness,yes,Escor,31642427
2018-05-03 17:02:44,2018-05-03 17:04:01,IP Address,24.218.192.81,100,76,True,2018-05-03 17:04:01,R_1F8QJ6zpTUIAtrn,,,,,41.30940246582,-72.924003601074,anonymous,EN,0,100,50,,,,,,,,,,0,0,20.089,0,,,,,50,,,,,,,,,,,,,,,,,,,,,,,,,,,,,,,,,,,,,,,,,,,,,,,,,,,,,,,,,,,,,,,,,,,,,,,,,,,,,,,,,,,,1,increasing,sadness,no,Oswa,70106820
2018-05-03 17:03:06,2018-05-03 17:04:16,IP Address,72.229.146.86,100,69,True,2018-05-03 17:04:16,R_1rDOZ5u0LoXJQob,,,,,40.862594604492,-73.921798706055,anonymous,EN,,,,,,,,,,,,,,,,,,,,,90,,,,,,,,,,,,,,,,,,,,,,,,,,,,,,,,,25,75,-50,,,,,,,,,,,,,,,,,,,,,,,,,,,,,,,,,,,,,,,,,0,0,20.06,0,,,,,1,decreasing,sadness,no,Aflos,73247777
2018-05-03 17:03:45,2018-05-03 17:04:56,IP Address,24.38.236.110,100,70,True,2018-05-03 17:04:57,R_1QmGpPbkMZSqEaG,,,,,41.206604003906,-73.171798706055,anonymous,EN,,,,,,,,,,,,76,,,,,,,,,,,,,,,,,,,,,,,,,,,,,,,,,,,,,,,,,,25,75,-50,,,,,,,,,,,,,,,,,0,0,20.043,0,,,,,,,,,,,,,,,,,,,,,,,,,,,,,1,decreasing,happiness,no,Escor,10662540
2018-05-03 17:03:58,2018-05-03 17:05:14,IP Address,107.77.248.39,100,76,True,2018-05-03 17:05:15,R_DVlJU9rjzU4rU3v,,,,,35.790893554688,-80.60230255127,anonymous,EN,25,75,50,,,,,,,,,70,,,,,,,,,,,,,,,,,,,,,,,,,,,,,,8.934,8.934,20.096,1,,,,,,,,,,,,,,,,,,,,,,,,,,,,,,,,,,,,,,,,,,,,,,,,,,,,,,,,,,,,1,increasing,happiness,yes,Alfos,33253796
2018-05-03 17:04:19,2018-05-03 17:05:24,IP Address,66.250.143.159,100,64,True,2018-05-03 17:05:24,R_rlsdRPqKtT4RvZD,,,,,39.959701538086,-75.196800231934,anonymous,EN,,,,,,,,,,,,,,,,,,,,,21,,,,,,,,,,,,,,,,,,,,,,,,,,,,,,,,,25,75,-50,,,,,,,,,,,,,0,0,20.063,0,,,,,,,,,,,,,,,,,,,,,,,,,,,,,,,,,1,decreasing,sadness,yes,Oswa,86596379
2018-05-03 17:06:38,2018-05-03 17:07:46,IP Address,24.176.45.173,100,68,True,2018-05-03 17:07:47,R_31Y31XKj9HtoNy1,,,,,42.201095581055,-85.616897583008,anonymous,EN,25,75,50,,,,,0,0,20.061,0,72,,,,,,,,,,,,,,,,,,,,,,,,,,,,,,,,,,,,,,,,,,,,,,,,,,,,,,,,,,,,,,,,,,,,,,,,,,,,,,,,,,,,,,,,,,,,,1,increasing,happiness,no,Oswa,50672868
